Source,Target,Type,Id
103,97,directed,1362
100,97,directed,3530
103,97,directed,1475
42,97,directed,930
42,97,directed,1070
42,97,directed,1372
6,97,directed,1212
6,97,directed,1213
26,17,directed,3804
11,17,directed,3619
74,17,directed,2803
106,17,directed,2965
31,17,directed,3662
31,17,directed,3682
78,17,directed,2331
78,17,directed,2336
64,16,directed,115
81,53,directed,358
81,53,directed,450
81,53,directed,451
81,53,directed,548
108,53,directed,3480
2,53,directed,1206
6,53,directed,1463
6,53,directed,1545
6,93,directed,1547
6,93,directed,1545
6,93,directed,1547
89,93,directed,1389
90,93,directed,2578
56,93,directed,2179
90,93,directed,2575
90,93,directed,2621
56,93,directed,2349
56,93,directed,2354
56,93,directed,2356
19,5,directed,138
19,5,directed,153
19,5,directed,240
19,5,directed,248
19,5,directed,252
19,5,directed,256
19,5,directed,262
19,5,directed,267
19,5,directed,273
90,5,directed,2564
70,5,directed,2758
106,5,directed,2908
16,16,directed,1381
16,16,directed,1702
74,16,directed,2769
46,16,directed,1602
46,16,directed,1604
46,16,directed,1606
46,16,directed,1608
46,16,directed,1610
46,16,directed,1612
46,16,directed,1614
46,16,directed,1616
46,16,directed,1618
46,16,directed,1620
46,16,directed,1630
46,16,directed,1632
46,16,directed,1634
16,16,directed,1308
36,16,directed,569
56,55,directed,2358
90,55,directed,2552
84,55,directed,343
2,55,directed,1220
70,55,directed,2836
70,55,directed,2838
2,55,directed,1207
42,55,directed,524
50,55,directed,94
2,55,directed,1205
50,55,directed,31
90,17,directed,2587
103,17,directed,3016
103,17,directed,3033
103,17,directed,3034
74,17,directed,2765
103,17,directed,2609
103,17,directed,3015
87,17,directed,2300
103,17,directed,2148
103,17,directed,3428
103,17,directed,3429
87,17,directed,2294
78,17,directed,2400
78,17,directed,2403
2,17,directed,1218
2,17,directed,1235
2,17,directed,1236
2,17,directed,1237
103,69,directed,3440
103,69,directed,3508
103,69,directed,3557
103,69,directed,3559
103,69,directed,3562
103,69,directed,3565
26,69,directed,3809
26,69,directed,3812
26,69,directed,3814
26,69,directed,3815
26,69,directed,3816
31,69,directed,3652
103,69,directed,3438
42,24,directed,1653
42,24,directed,1654
38,24,directed,408
38,24,directed,409
38,24,directed,412
38,24,directed,414
91,24,directed,2031
91,24,directed,2034
43,24,directed,2611
31,24,directed,3676
11,24,directed,3630
11,24,directed,3632
11,24,directed,3634
31,24,directed,3655
100,24,directed,3524
19,24,directed,247
19,24,directed,251
19,24,directed,255
19,24,directed,261
19,24,directed,268
19,24,directed,274
65,22,directed,76
102,22,directed,1444
87,22,directed,2390
78,22,directed,2085
107,22,directed,664
107,22,directed,665
107,22,directed,666
107,22,directed,667
107,22,directed,668
107,22,directed,669
107,22,directed,670
107,22,directed,671
58,22,directed,546
89,75,directed,1413
108,75,directed,924
108,75,directed,1482
108,75,directed,1483
108,75,directed,1485
108,75,directed,1696
42,75,directed,1092
58,75,directed,789
56,75,directed,2433
2,75,directed,1231
104,75,directed,3738
104,75,directed,3741
103,75,directed,1831
58,75,directed,635
58,75,directed,640
45,44,directed,2944
71,44,directed,3132
71,44,directed,3135
2,44,directed,1238
2,44,directed,1241
107,44,directed,735
16,44,directed,692
103,44,directed,1479
74,44,directed,2731
50,44,directed,67
44,44,directed,3857
44,44,directed,3858
44,44,directed,3859
10,44,directed,3367
93,44,directed,1971
58,44,directed,631
91,44,directed,2000
16,57,directed,703
11,57,directed,3062
11,57,directed,3456
70,57,directed,2645
103,57,directed,1460
103,57,directed,1834
103,57,directed,2459
103,57,directed,2528
103,57,directed,2530
103,57,directed,2532
108,57,directed,3769
108,57,directed,3840
16,57,directed,1295
16,57,directed,1369
16,57,directed,1639
75,57,directed,1121
42,57,directed,939
42,57,directed,1742
70,57,directed,2642
70,57,directed,2643
61,57,directed,1942
31,57,directed,3689
103,57,directed,1529
103,57,directed,1839
103,57,directed,2069
103,57,directed,2079
103,57,directed,2469
103,57,directed,2549
103,57,directed,3031
103,57,directed,3207
103,57,directed,3684
103,57,directed,3685
103,57,directed,3746
103,57,directed,3788
61,97,directed,1945
100,97,directed,3529
27,97,directed,2171
103,97,directed,1943
75,97,directed,466
91,97,directed,2028
43,97,directed,2540
1,97,directed,3347
108,97,directed,1338
79,5,directed,3172
79,5,directed,3176
108,5,directed,919
71,5,directed,3134
71,5,directed,3137
104,5,directed,3742
74,5,directed,2604
16,13,directed,1585
16,13,directed,1585
46,13,directed,1601
46,13,directed,1603
46,13,directed,1605
46,13,directed,1607
46,13,directed,1609
46,13,directed,1611
46,13,directed,1613
46,13,directed,1615
46,13,directed,1617
46,13,directed,1619
46,13,directed,1629
46,13,directed,1631
46,13,directed,1633
103,13,directed,1356
103,13,directed,1358
103,13,directed,2075
74,13,directed,2591
56,13,directed,2180
56,13,directed,2173
75,13,directed,951
75,13,directed,956
16,13,directed,1992
6,13,directed,615
64,13,directed,54
75,13,directed,1113
108,13,directed,1315
108,13,directed,3259
108,13,directed,3262
108,13,directed,3593
108,13,directed,3610
108,13,directed,3759
108,13,directed,3761
108,13,directed,2533
50,13,directed,34
42,13,directed,592
47,47,directed,1010
16,47,directed,1378
64,47,directed,300
10,47,directed,3393
103,47,directed,3781
73,47,directed,1773
102,47,directed,1431
16,47,directed,1649
47,47,directed,1012
58,75,directed,588
64,75,directed,509
103,75,directed,2484
81,75,directed,505
11,75,directed,3631
11,75,directed,3633
11,75,directed,3635
81,75,directed,370
38,75,directed,403
38,75,directed,405
38,75,directed,416
50,75,directed,25
50,75,directed,30
75,53,directed,446
19,53,directed,142
19,53,directed,157
19,53,directed,162
19,53,directed,169
19,53,directed,174
19,53,directed,179
19,53,directed,184
19,53,directed,186
19,53,directed,192
19,53,directed,201
19,53,directed,206
19,53,directed,211
79,93,directed,3173
79,90,directed,3177
81,64,directed,369
42,22,directed,1183
58,93,directed,636
58,90,directed,639
58,64,directed,813
58,22,directed,820
58,93,directed,816
58,90,directed,819
58,64,directed,823
19,22,directed,231
19,93,directed,265
19,90,directed,271
19,64,directed,141
19,22,directed,156
34,93,directed,356
107,90,directed,681
103,64,directed,2143
56,22,directed,2357
70,93,directed,2777
70,90,directed,2778
1,64,directed,3342
103,22,directed,3576
2,93,directed,1234
89,90,directed,1392
75,64,directed,1014
56,22,directed,2178
64,93,directed,1096
6,90,directed,1438
65,64,directed,79
11,22,directed,3080
11,93,directed,3081
11,90,directed,3082
64,64,directed,349
75,22,directed,456
50,42,directed,28
56,42,directed,2345
90,42,directed,2573
107,42,directed,674
107,42,directed,675
107,42,directed,676
107,42,directed,677
107,42,directed,678
107,42,directed,679
107,42,directed,762
103,19,directed,1853
70,19,directed,2742
56,19,directed,2182
56,19,directed,2184
103,19,directed,2022
74,19,directed,2114
74,19,directed,2115
103,19,directed,2561
56,19,directed,2187
56,19,directed,2211
56,19,directed,2212
42,19,directed,940
78,19,directed,2270
78,19,directed,2271
6,19,directed,1184
106,19,directed,2952
106,19,directed,2955
106,19,directed,2958
106,19,directed,2962
70,19,directed,2984
108,97,directed,1457
103,97,directed,2878
6,97,directed,882
39,97,directed,1844
39,97,directed,1845
31,54,directed,3657
31,54,directed,3722
11,54,directed,3694
11,54,directed,3730
11,54,directed,3731
71,19,directed,3140
71,19,directed,3139
74,19,directed,2495
74,19,directed,2501
107,107,directed,685
75,107,directed,580
42,107,directed,660
56,34,directed,2175
56,34,directed,2278
56,34,directed,2280
56,34,directed,2340
56,34,directed,2364
56,34,directed,2366
56,34,directed,2344
79,71,directed,3225
31,97,directed,3660
103,19,directed,3329
65,97,directed,50
94,19,directed,1929
108,97,directed,1133
11,19,directed,2901
106,97,directed,2949
11,19,directed,2881
11,97,directed,2897
103,19,directed,3035
11,97,directed,3629
26,19,directed,3850
31,97,directed,3707
103,19,directed,3745
103,97,directed,3509
103,19,directed,3550
11,97,directed,3410
11,19,directed,3548
79,97,directed,3165
79,19,directed,3167
79,97,directed,3181
103,19,directed,3205
11,97,directed,3185
11,19,directed,3186
11,97,directed,3189
103,19,directed,3066
79,97,directed,3119
11,19,directed,3127
11,97,directed,3128
108,19,directed,1168
103,97,directed,1425
103,19,directed,1427
56,97,directed,2174
87,19,directed,2288
87,97,directed,2289
87,19,directed,2290
87,97,directed,2291
56,19,directed,2241
56,97,directed,2279
74,19,directed,2215
11,97,directed,3290
103,19,directed,1625
56,97,directed,2359
64,19,directed,285
108,97,directed,1124
81,19,directed,1046
64,97,directed,396
64,19,directed,398
64,3,directed,511
98,3,directed,1297
74,3,directed,2802
2,3,directed,1223
2,3,directed,1224
2,3,directed,1225
108,3,directed,799
40,3,directed,2518
40,3,directed,2519
112,3,directed,3506
16,3,directed,706
16,3,directed,708
16,3,directed,781
16,3,directed,864
16,3,directed,880
2,3,directed,1219
108,3,directed,2554
11,3,directed,2999
11,3,directed,3005
11,3,directed,3236
90,3,directed,2553
90,3,directed,2576
1,3,directed,3341
1,3,directed,3339
90,10,directed,2571
10,10,directed,3395
1,10,directed,3371
50,3,directed,20
25,3,directed,2409
25,19,directed,2417
81,97,directed,363
108,3,directed,1677
16,19,directed,782
74,97,directed,2496
74,3,directed,2497
74,19,directed,2498
75,97,directed,448
42,3,directed,691
55,19,directed,3384
47,97,directed,1015
65,3,directed,53
103,19,directed,3199
103,97,directed,3201
11,3,directed,3129
64,19,directed,121
103,97,directed,2076
89,3,directed,1396
90,19,directed,2627
2,97,directed,1232
110,3,directed,1954
108,19,directed,1039
108,97,directed,1873
11,3,directed,3136
104,19,directed,3740
58,97,directed,573
108,3,directed,1526
16,19,directed,881
81,97,directed,393
36,97,directed,741
98,97,directed,863
107,97,directed,738
58,97,directed,545
103,97,directed,3777
11,97,directed,3138
75,97,directed,467
65,97,directed,69
65,97,directed,70
65,97,directed,71
65,97,directed,74
65,97,directed,77
65,97,directed,81
93,97,directed,1973
39,97,directed,1794
103,97,directed,3854
103,97,directed,3855
38,97,directed,387
108,97,directed,3772
108,97,directed,1129
16,97,directed,997
78,97,directed,2092
81,97,directed,1107
78,97,directed,2091
103,97,directed,3413
49,97,directed,607
49,97,directed,608
49,97,directed,609
49,97,directed,610
49,97,directed,611
49,97,directed,612
49,97,directed,613
49,97,directed,626
49,97,directed,627
49,97,directed,628
49,97,directed,629
49,97,directed,630
49,97,directed,662
49,97,directed,663
49,97,directed,672
49,97,directed,766
49,97,directed,767
49,97,directed,769
49,97,directed,770
49,97,directed,771
40,97,directed,3627
27,97,directed,305
100,97,directed,3523
103,97,directed,3327
70,97,directed,2817
70,97,directed,2834
108,97,directed,1874
26,97,directed,3795
70,97,directed,2771
71,97,directed,3212
70,97,directed,2639
70,97,directed,2640
70,97,directed,2936
71,97,directed,3007
71,97,directed,3024
71,97,directed,3190
71,97,directed,3208
79,97,directed,3103
87,97,directed,2283
87,97,directed,2292
87,97,directed,2296
87,97,directed,2299
74,97,directed,2217
20,97,directed,2651
20,97,directed,2656
20,97,directed,2660
20,97,directed,2664
20,97,directed,2668
20,97,directed,2675
20,97,directed,2679
20,97,directed,2683
20,97,directed,2687
20,97,directed,2691
20,97,directed,2695
20,97,directed,2699
47,97,directed,1003
87,97,directed,2428
68,97,directed,1002
19,97,directed,164
65,97,directed,82
53,97,directed,2325
53,97,directed,2326
38,97,directed,464
75,97,directed,885
108,97,directed,2454
22,97,directed,315
22,97,directed,316
22,97,directed,317
16,97,directed,1910
108,97,directed,698
64,97,directed,351
26,97,directed,3825
28,97,directed,3829
81,97,directed,527
81,97,directed,528
81,97,directed,575
81,97,directed,857
81,97,directed,975
81,97,directed,1047
81,97,directed,1106
70,97,directed,2752
58,97,directed,652
42,97,directed,648
42,97,directed,687
108,97,directed,1528
1,97,directed,3351
50,97,directed,33
50,97,directed,23
108,97,directed,964
108,97,directed,1272
58,97,directed,634
108,97,directed,2509
79,97,directed,3193
108,97,directed,921
103,97,directed,1423
56,97,directed,2161
16,97,directed,701
16,97,directed,716
16,97,directed,718
16,97,directed,993
16,97,directed,1176
16,97,directed,1697
16,97,directed,1909
16,97,directed,1959
16,97,directed,1961
16,97,directed,1962
84,97,directed,340
70,97,directed,2812
70,97,directed,2813
10,97,directed,3375
10,97,directed,3376
10,97,directed,3377
64,97,directed,1101
108,97,directed,1348
103,97,directed,1980
61,97,directed,1946
90,97,directed,2565
16,97,directed,996
16,97,directed,988
25,97,directed,2410
25,97,directed,2418
16,97,directed,764
65,97,directed,51
89,97,directed,1387
89,97,directed,1410
47,97,directed,1013
19,97,directed,146
75,97,directed,447
75,97,directed,1192
39,97,directed,1759
39,97,directed,1761
16,97,directed,1921
78,97,directed,2321
81,97,directed,364
11,97,directed,3293
75,97,directed,520
2,97,directed,1239
56,97,directed,2350
87,97,directed,2415
56,97,directed,2348
103,97,directed,1908
71,97,directed,3107
71,97,directed,3111
70,97,directed,2760
90,97,directed,2743
89,97,directed,1393
1,97,directed,3370
1,97,directed,3348
40,97,directed,2547
38,97,directed,424
108,97,directed,3267
16,97,directed,714
16,97,directed,715
16,97,directed,1978
64,97,directed,99
19,97,directed,329
1,97,directed,3344
84,97,directed,14
101,97,directed,1537
101,97,directed,1538
101,97,directed,1537
101,97,directed,1538
103,97,directed,1430
65,97,directed,57
71,97,directed,3206
106,97,directed,2946
102,97,directed,1445
102,97,directed,1406
91,97,directed,2047
75,97,directed,596
42,97,directed,565
42,97,directed,656
42,97,directed,657
42,97,directed,658
42,97,directed,659
42,97,directed,695
107,97,directed,673
107,97,directed,729
107,97,directed,731
107,97,directed,732
58,97,directed,587
58,97,directed,601
103,97,directed,1253
103,97,directed,1255
103,97,directed,1257
108,97,directed,1157
108,97,directed,1160
108,97,directed,1163
103,97,directed,2450
19,97,directed,213
55,97,directed,3396
108,97,directed,1042
108,97,directed,1346
108,97,directed,1501
108,97,directed,1153
108,97,directed,3258
108,97,directed,3594
108,97,directed,3605
108,97,directed,3762
81,97,directed,431
81,97,directed,562
108,97,directed,2791
56,97,directed,2375
56,97,directed,2376
56,97,directed,2377
56,97,directed,2379
42,97,directed,614
16,97,directed,1913
74,97,directed,2790
108,97,directed,1371
40,97,directed,3162
108,97,directed,890
108,97,directed,2988
50,97,directed,26
106,97,directed,2978
106,97,directed,2981
16,97,directed,1787
6,97,directed,1350
106,97,directed,2909
11,97,directed,2905
11,97,directed,2906
11,97,directed,2907
103,97,directed,3789
16,97,directed,702
11,97,directed,3268
108,97,directed,1360
108,97,directed,3771
11,97,directed,3617
11,97,directed,3618
89,97,directed,1391
91,97,directed,2046
64,97,directed,374
74,97,directed,2106
81,97,directed,495
81,97,directed,498
87,97,directed,2422
106,97,directed,2953
106,97,directed,2956
106,97,directed,2959
106,97,directed,2963
11,97,directed,3270
11,97,directed,3272
91,97,directed,2005
64,97,directed,124
11,97,directed,3310
89,97,directed,1388
70,97,directed,2751
103,97,directed,3018
103,97,directed,3019
103,97,directed,3020
110,97,directed,1955
56,97,directed,2197
56,97,directed,2198
56,97,directed,2199
103,97,directed,2610
100,97,directed,3525
42,97,directed,1102
42,97,directed,1017
42,97,directed,1018
42,97,directed,1530
42,97,directed,1530
39,97,directed,1778
39,97,directed,1780
11,97,directed,3668
11,97,directed,3498
11,97,directed,3546
71,97,directed,3023
58,97,directed,785
81,97,directed,357
81,97,directed,365
89,97,directed,1395
102,97,directed,1443
50,97,directed,21
101,97,directed,1088
56,97,directed,2263
53,97,directed,2372
87,97,directed,2419
87,97,directed,2432
42,97,directed,568
75,97,directed,949
108,97,directed,2447
103,97,directed,2462
108,97,directed,967
108,97,directed,1044
106,97,directed,2934
108,97,directed,1243
108,97,directed,2378
68,97,directed,1051
68,97,directed,1052
68,97,directed,1053
68,97,directed,1054
68,97,directed,1055
68,97,directed,1056
68,97,directed,1057
68,97,directed,1058
68,97,directed,1059
68,97,directed,1060
68,97,directed,1061
68,97,directed,1062
68,97,directed,1063
68,97,directed,1064
68,97,directed,1065
68,97,directed,987
68,97,directed,1000
68,97,directed,1001
68,97,directed,1072
68,97,directed,1073
68,97,directed,1074
68,97,directed,1075
68,97,directed,1076
68,97,directed,1077
68,97,directed,1078
68,97,directed,1079
68,97,directed,1080
68,97,directed,1081
68,97,directed,1082
68,97,directed,1083
68,97,directed,1084
68,97,directed,1085
68,97,directed,1086
108,97,directed,999
103,97,directed,2857
64,97,directed,435
31,97,directed,3723
56,97,directed,2228
53,97,directed,2339
108,97,directed,3841
42,97,directed,597
40,97,directed,1866
39,97,directed,1792
103,97,directed,2471
101,97,directed,2192
103,97,directed,2854
103,97,directed,2847
64,97,directed,1099
108,97,directed,1314
74,97,directed,2440
58,97,directed,553
42,97,directed,786
58,97,directed,571
42,97,directed,606
81,97,directed,438
78,97,directed,2237
78,97,directed,2255
78,97,directed,2332
103,97,directed,2220
90,97,directed,2572
106,97,directed,2941
75,97,directed,579
50,97,directed,84
50,97,directed,85
50,97,directed,86
50,97,directed,87
50,97,directed,88
38,97,directed,417
58,97,directed,558
103,97,directed,2487
31,97,directed,3659
108,97,directed,1050
108,97,directed,3598
108,97,directed,3608
53,97,directed,2370
108,97,directed,893
93,97,directed,1969
79,97,directed,3074
58,97,directed,814
42,97,directed,804
31,97,directed,3687
108,97,directed,891
108,97,directed,2525
108,97,directed,3243
91,97,directed,2045
106,97,directed,2912
108,97,directed,3784
43,97,directed,2598
6,97,directed,1275
6,97,directed,1276
6,97,directed,1546
6,97,directed,1546
64,97,directed,421
108,97,directed,1273
108,97,directed,1274
108,97,directed,1499
92,97,directed,3416
92,97,directed,3417
92,97,directed,3454
92,97,directed,3455
92,97,directed,3502
92,97,directed,3503
16,97,directed,700
16,97,directed,717
103,97,directed,2147
2,97,directed,1203
36,97,directed,725
36,97,directed,723
36,97,directed,724
6,97,directed,616
56,97,directed,2261
74,97,directed,2632
103,97,directed,2612
43,97,directed,2608
109,97,directed,1441
22,97,directed,320
58,97,directed,544
11,97,directed,3693
1,97,directed,3360
1,97,directed,3361
1,97,directed,3362
1,97,directed,3363
1,97,directed,3365
108,97,directed,1291
108,97,directed,1736
31,97,directed,3690
16,97,directed,1650
16,97,directed,1655
16,97,directed,1657
42,97,directed,531
31,97,directed,3672
31,97,directed,3675
103,97,directed,3420
108,97,directed,3556
103,97,directed,1486
108,97,directed,1307
50,97,directed,35
84,97,directed,2
84,97,directed,5
108,97,directed,2991
26,97,directed,3853
56,97,directed,2181
103,97,directed,2456
108,97,directed,3467
16,97,directed,1784
11,97,directed,3636
78,97,directed,2059
78,97,directed,2084
103,97,directed,3441
91,97,directed,2050
56,97,directed,2227
64,97,directed,56
31,97,directed,3661
43,97,directed,2595
19,97,directed,229
19,97,directed,230
103,97,directed,3794
16,97,directed,1368
103,97,directed,1557
103,97,directed,1557
103,97,directed,3014
11,97,directed,3459
71,97,directed,3203
56,13,directed,2229
108,13,directed,1404
16,13,directed,1897
75,13,directed,1140
53,13,directed,2206
87,13,directed,2394
87,13,directed,2425
87,13,directed,2427
36,13,directed,826
91,13,directed,2009
91,13,directed,2048
91,13,directed,2108
74,13,directed,2112
74,13,directed,2830
103,13,directed,3240
19,13,directed,163
103,13,directed,1826
103,13,directed,1827
103,13,directed,1829
103,13,directed,2490
11,13,directed,2972
1,13,directed,3403
108,13,directed,1311
108,13,directed,1312
108,13,directed,1313
108,13,directed,1320
108,13,directed,1322
108,13,directed,1324
108,13,directed,1326
108,13,directed,1327
108,13,directed,1330
108,13,directed,1333
108,13,directed,1335
108,13,directed,1355
108,13,directed,1321
42,13,directed,952
10,13,directed,3388
61,13,directed,1939
102,13,directed,1405
46,13,directed,1560
46,13,directed,1560
91,13,directed,2110
108,13,directed,1588
108,13,directed,1588
108,13,directed,3520
11,13,directed,3001
11,13,directed,3315
108,13,directed,1131
1,13,directed,3398
25,13,directed,2398
81,13,directed,433
108,13,directed,1670
108,13,directed,1049
38,13,directed,377
38,13,directed,378
36,13,directed,825
74,13,directed,2246
74,13,directed,2827
74,13,directed,2829
19,13,directed,331
109,13,directed,1375
100,13,directed,3527
70,13,directed,2753
84,13,directed,9
79,13,directed,3142
79,13,directed,3152
70,13,directed,2983
91,13,directed,2101
108,13,directed,3265
19,13,directed,333
16,13,directed,713
16,13,directed,929
36,13,directed,551
74,13,directed,2155
108,13,directed,3555
16,13,directed,1979
108,13,directed,3469
103,13,directed,2071
103,13,directed,2475
103,13,directed,2479
31,13,directed,3673
64,13,directed,516
64,13,directed,1097
19,13,directed,334
75,13,directed,983
108,13,directed,1285
56,13,directed,2230
56,13,directed,2231
56,13,directed,2446
108,13,directed,1521
11,13,directed,3040
108,13,directed,3744
84,13,directed,341
19,13,directed,280
108,13,directed,1510
103,13,directed,1860
108,13,directed,902
28,13,directed,3790
108,13,directed,1331
108,13,directed,1353
42,13,directed,1094
74,13,directed,2338
106,13,directed,2969
106,13,directed,2977
106,13,directed,2980
103,13,directed,3551
103,13,directed,3552
103,13,directed,3558
103,13,directed,3561
103,13,directed,3563
108,13,directed,1678
75,13,directed,458
6,13,directed,1433
58,13,directed,570
1,13,directed,3353
58,13,directed,794
19,13,directed,214
108,13,directed,1177
108,13,directed,1340
108,13,directed,3264
108,13,directed,3607
108,13,directed,3768
108,13,directed,1148
108,13,directed,3218
16,13,directed,1009
46,13,directed,1567
46,13,directed,1567
108,13,directed,1317
108,13,directed,3482
108,13,directed,3770
42,13,directed,937
10,13,directed,3389
25,13,directed,2408
39,13,directed,1717
103,13,directed,1448
91,13,directed,2026
79,13,directed,3124
38,13,directed,375
40,13,directed,2781
108,13,directed,3843
79,13,directed,3227
81,13,directed,442
19,13,directed,217
50,13,directed,120
11,13,directed,3297
11,13,directed,3298
107,13,directed,821
91,13,directed,2038
103,13,directed,3642
103,13,directed,1600
43,13,directed,2599
40,13,directed,2517
109,13,directed,1439
81,13,directed,428
71,13,directed,3224
16,13,directed,1367
19,13,directed,132
75,13,directed,460
108,13,directed,3025
101,13,directed,829
81,13,directed,372
31,13,directed,3711
16,13,directed,1593
91,13,directed,2006
91,13,directed,2027
74,13,directed,2156
74,13,directed,2154
78,13,directed,2029
78,13,directed,2264
78,13,directed,2265
78,13,directed,2396
11,13,directed,3288
79,13,directed,3161
74,13,directed,2856
20,13,directed,2652
42,13,directed,617
42,13,directed,618
78,13,directed,2138
16,13,directed,688
16,13,directed,689
19,13,directed,159
19,13,directed,167
19,13,directed,172
19,13,directed,177
19,13,directed,182
19,13,directed,187
19,13,directed,193
19,13,directed,199
19,13,directed,204
19,13,directed,209
42,13,directed,552
19,13,directed,147
19,13,directed,149
103,13,directed,2150
55,13,directed,3385
55,13,directed,3335
11,13,directed,3311
40,13,directed,3679
108,13,directed,2990
16,13,directed,1891
78,13,directed,2330
31,13,directed,3678
104,13,directed,3739
38,13,directed,534
27,13,directed,301
79,13,directed,3122
75,13,directed,481
11,13,directed,3734
106,13,directed,2948
42,13,directed,938
42,13,directed,1008
42,13,directed,1123
46,13,directed,1582
46,13,directed,1582
8,13,directed,1279
103,13,directed,3669
19,13,directed,332
11,13,directed,3316
70,13,directed,2871
107,13,directed,800
65,13,directed,73
103,13,directed,1821
65,13,directed,58
16,13,directed,1672
90,13,directed,2625
108,13,directed,1112
26,13,directed,3866
108,13,directed,1146
56,13,directed,2170
74,13,directed,2159
107,13,directed,779
103,13,directed,3543
16,13,directed,1791
73,13,directed,1774
78,13,directed,2087
103,13,directed,1680
103,13,directed,1724
103,13,directed,1875
108,13,directed,3773
108,13,directed,699
64,13,directed,123
103,13,directed,2451
103,13,directed,2851
103,13,directed,2491
87,13,directed,2287
91,13,directed,2306
74,13,directed,2166
74,13,directed,2555
74,13,directed,2556
74,13,directed,2557
103,13,directed,2452
103,13,directed,2492
108,13,directed,1040
104,13,directed,3743
26,13,directed,3823
26,13,directed,3824
79,13,directed,3125
81,13,directed,389
81,13,directed,426
81,13,directed,429
81,13,directed,432
81,13,directed,437
81,13,directed,439
81,13,directed,449
81,13,directed,452
81,13,directed,489
81,13,directed,541
81,13,directed,563
81,13,directed,721
42,13,directed,523
70,13,directed,2792
74,13,directed,2250
11,13,directed,3084
11,13,directed,3725
11,13,directed,3726
103,13,directed,3070
11,13,directed,3232
108,13,directed,3483
50,13,directed,101
50,13,directed,102
50,13,directed,103
50,13,directed,104
50,13,directed,105
50,13,directed,107
50,13,directed,109
50,13,directed,110
16,13,directed,974
16,13,directed,1987
11,13,directed,3639
22,13,directed,327
74,13,directed,2185
16,13,directed,1651
64,13,directed,352
87,13,directed,2298
87,13,directed,2412
56,13,directed,2213
56,13,directed,2214
90,13,directed,2563
90,13,directed,2577
25,13,directed,2374
108,13,directed,2874
103,13,directed,1249
108,13,directed,1737
108,13,directed,2367
56,13,directed,2189
56,13,directed,2190
56,13,directed,2191
56,13,directed,2163
56,13,directed,2164
56,13,directed,2233
56,13,directed,2319
56,13,directed,2361
56,13,directed,2392
56,13,directed,2416
108,13,directed,1728
108,13,directed,1729
108,13,directed,1730
11,13,directed,3640
84,13,directed,342
84,13,directed,15
26,13,directed,3852
103,13,directed,3073
26,13,directed,3817
56,13,directed,2201
38,13,directed,410
108,13,directed,790
74,13,directed,2118
75,13,directed,1193
76,13,directed,3324
103,13,directed,3624
16,13,directed,1911
11,13,directed,3133
11,13,directed,3188
94,13,directed,1928
108,13,directed,796
101,13,directed,2133
27,13,directed,287
27,13,directed,289
108,13,directed,1134
108,13,directed,3266
19,13,directed,160
19,13,directed,165
19,13,directed,170
19,13,directed,175
19,13,directed,180
19,13,directed,188
19,13,directed,194
19,13,directed,196
19,13,directed,197
19,13,directed,202
19,13,directed,207
87,13,directed,2305
110,13,directed,1956
110,13,directed,1957
8,13,directed,1281
56,13,directed,2158
56,13,directed,2176
70,13,directed,2754
108,13,directed,1661
108,13,directed,1663
108,13,directed,1692
108,13,directed,1732
108,13,directed,1733
108,13,directed,1786
108,13,directed,1856
108,13,directed,2527
108,13,directed,2603
108,13,directed,3247
108,13,directed,3248
108,13,directed,3249
108,13,directed,3250
108,13,directed,3251
108,13,directed,3252
108,13,directed,3253
87,13,directed,2295
108,13,directed,3009
75,13,directed,461
64,13,directed,281
91,13,directed,2042
78,13,directed,2064
31,13,directed,3664
38,13,directed,479
70,13,directed,2785
74,13,directed,2782
56,13,directed,2177
102,13,directed,1417
46,13,directed,1636
109,13,directed,1420
8,13,directed,1282
16,13,directed,1401
38,13,directed,390
36,13,directed,485
103,13,directed,1461
31,13,directed,3701
11,13,directed,2974
64,13,directed,513
16,13,directed,1958
75,13,directed,1141
42,13,directed,537
39,13,directed,1745
103,13,directed,1862
78,13,directed,2090
16,13,directed,1757
42,13,directed,1271
103,13,directed,2729
16,13,directed,1901
103,13,directed,1424
103,13,directed,1421
56,13,directed,2262
64,13,directed,348
91,13,directed,2025
78,13,directed,2030
78,13,directed,2253
78,13,directed,2269
40,13,directed,1984
26,13,directed,3819
26,13,directed,3820
26,13,directed,3822
28,13,directed,3810
78,13,directed,2266
74,13,directed,2193
74,13,directed,2200
74,13,directed,2203
78,13,directed,2252
78,13,directed,2267
90,13,directed,2749
89,13,directed,1397
102,13,directed,1409
103,13,directed,1426
42,13,directed,1289
2,13,directed,1199
22,97,directed,313
108,97,directed,959
108,97,directed,1025
25,97,directed,2368
108,97,directed,2796
64,97,directed,1095
106,97,directed,2937
11,97,directed,3292
10,97,directed,3382
10,97,directed,3390
10,97,directed,3392
10,97,directed,3394
1,97,directed,3349
1,97,directed,3350
1,97,directed,3354
1,97,directed,3356
1,97,directed,3373
16,97,directed,912
38,97,directed,888
89,97,directed,1386
19,97,directed,338
103,97,directed,1705
103,97,directed,2616
108,97,directed,2510
101,97,directed,3065
101,97,directed,3214
79,97,directed,3180
103,97,directed,3036
75,97,directed,955
103,97,directed,2449
103,97,directed,2072
11,97,directed,3729
31,97,directed,3706
74,97,directed,2768
74,97,directed,2867
16,97,directed,981
50,97,directed,17
11,97,directed,3183
74,97,directed,2249
74,97,directed,2274
34,97,directed,354
56,97,directed,2204
16,97,directed,913
16,97,directed,1366
42,97,directed,990
6,97,directed,655
74,97,directed,2780
74,97,directed,2801
74,97,directed,2825
58,97,directed,686
16,97,directed,1648
84,97,directed,6
84,97,directed,7
84,97,directed,10
2,97,directed,1221
2,97,directed,1209
2,97,directed,1210
19,97,directed,158
19,97,directed,166
19,97,directed,171
19,97,directed,176
19,97,directed,181
19,97,directed,189
19,97,directed,195
19,97,directed,198
19,97,directed,203
19,97,directed,208
101,97,directed,773
101,97,directed,828
103,97,directed,1595
16,97,directed,1884
56,97,directed,2258
42,97,directed,567
108,97,directed,1549
108,97,directed,1549
78,97,directed,2272
81,97,directed,368
75,97,directed,599
16,97,directed,927
20,97,directed,2628
20,97,directed,2629
20,97,directed,2630
89,97,directed,1398
79,97,directed,3141
71,97,directed,3022
74,97,directed,2535
74,97,directed,2821
58,97,directed,550
64,97,directed,506
107,97,directed,736
108,97,directed,2465
70,97,directed,2732
70,97,directed,2734
70,97,directed,2736
70,97,directed,2739
70,97,directed,2741
74,97,directed,2586
74,97,directed,2776
79,97,directed,3117
79,97,directed,3121
38,97,directed,384
38,97,directed,388
38,97,directed,386
74,97,directed,2820
42,97,directed,526
42,97,directed,774
36,97,directed,547
108,97,directed,1306
16,97,directed,1150
103,97,directed,3560
103,97,directed,3564
11,97,directed,3501
16,97,directed,1883
19,97,directed,345
11,97,directed,3499
79,97,directed,3174
103,97,directed,1270
108,97,directed,1318
75,97,directed,947
108,97,directed,3778
43,97,directed,2597
16,97,directed,1674
16,97,directed,1676
16,97,directed,1149
91,97,directed,2043
42,97,directed,836
55,97,directed,3397
10,97,directed,3372
10,97,directed,3379
1,97,directed,3368
1,97,directed,3374
11,97,directed,3667
40,97,directed,2773
11,97,directed,3333
79,97,directed,3179
108,97,directed,3223
11,97,directed,2880
11,97,directed,3233
11,97,directed,3271
11,97,directed,3408
42,97,directed,848
108,97,directed,1119
16,97,directed,976
94,97,directed,1922
26,97,directed,3811
64,97,directed,125
74,97,directed,2310
74,97,directed,2311
107,97,directed,809
107,97,directed,810
107,97,directed,811
107,97,directed,812
74,97,directed,2167
103,97,directed,1568
103,97,directed,1568
108,97,directed,2539
43,97,directed,2542
64,97,directed,60
74,97,directed,2828
74,97,directed,2886
50,97,directed,106
38,97,directed,402
38,97,directed,381
38,97,directed,382
38,97,directed,383
74,97,directed,2606
108,97,directed,3465
38,97,directed,385
2,97,directed,1216
74,97,directed,2884
91,97,directed,2052
39,97,directed,1769
78,97,directed,2329
79,97,directed,3108
81,97,directed,360
108,97,directed,727
106,97,directed,2951
106,97,directed,2954
106,97,directed,2957
106,97,directed,2961
11,97,directed,3184
16,97,directed,1400
58,97,directed,586
91,97,directed,2012
108,97,directed,3584
40,97,directed,3493
40,97,directed,3512
74,97,directed,2169
6,97,directed,1211
6,97,directed,1571
6,97,directed,1571
91,97,directed,2002
16,97,directed,1590
16,97,directed,1591
16,97,directed,1592
108,97,directed,1169
11,97,directed,3497
103,97,directed,1514
38,97,directed,418
64,97,directed,1098
1,97,directed,3337
108,97,directed,3435
11,97,directed,3407
11,97,directed,3130
103,97,directed,2730
108,97,directed,651
108,97,directed,737
106,97,directed,2982
38,97,directed,477
74,97,directed,2216
103,97,directed,1352
106,97,directed,2966
50,97,directed,32
19,97,directed,131
75,97,directed,1020
75,97,directed,1021
75,97,directed,1022
71,97,directed,3098
79,97,directed,3090
79,97,directed,3105
103,97,directed,1864
91,97,directed,2032
91,97,directed,2035
103,97,directed,1707
75,97,directed,899
78,97,directed,2124
16,97,directed,719
70,97,directed,2816
70,97,directed,2818
70,97,directed,2833
70,97,directed,2835
70,97,directed,2837
46,97,directed,1640
91,97,directed,1999
25,97,directed,2431
103,97,directed,2485
56,97,directed,2381
56,97,directed,2434
91,97,directed,2380
78,87,directed,2399
108,87,directed,2373
65,87,directed,62
50,87,directed,89
50,87,directed,92
65,87,directed,80
103,87,directed,3011
103,87,directed,3021
11,87,directed,3048
70,97,directed,2891
70,97,directed,2893
70,97,directed,2894
70,97,directed,2895
70,97,directed,2896
70,97,directed,2902
70,97,directed,2903
74,97,directed,2971
74,97,directed,2973
61,97,directed,1947
61,97,directed,1948
110,97,directed,1960
73,97,directed,1795
73,97,directed,1796
39,97,directed,1779
39,97,directed,1781
43,97,directed,2593
50,97,directed,18
26,97,directed,3861
26,97,directed,3872
87,97,directed,2444
108,97,directed,1154
108,97,directed,1004
103,97,directed,3326
75,97,directed,454
87,97,directed,2285
27,97,directed,303
75,97,directed,986
103,97,directed,1905
19,97,directed,148
75,97,directed,948
53,97,directed,2383
108,97,directed,1370
108,97,directed,3846
103,97,directed,1473
38,97,directed,401
6,97,directed,1747
6,97,directed,1748
6,97,directed,1749
6,97,directed,1750
6,97,directed,1751
6,97,directed,1816
6,97,directed,1817
74,97,directed,2581
79,97,directed,3160
65,97,directed,78
19,97,directed,129
71,97,directed,3210
71,97,directed,3213
103,97,directed,2922
103,97,directed,2923
103,97,directed,2924
103,97,directed,2925
103,97,directed,2926
103,97,directed,2927
16,97,directed,1898
108,97,directed,1156
108,97,directed,1159
108,97,directed,1161
27,97,directed,290
108,97,directed,2466
103,97,directed,2472
100,97,directed,3526
50,97,directed,83
50,97,directed,111
108,97,directed,3588
16,97,directed,926
79,97,directed,3169
79,97,directed,3170
103,97,directed,1870
103,97,directed,2054
103,97,directed,3507
103,97,directed,3775
64,97,directed,61
16,97,directed,1299
58,97,directed,603
81,97,directed,604
58,97,directed,807
58,97,directed,815
38,97,directed,392
108,97,directed,922
46,97,directed,1539
46,97,directed,1540
46,97,directed,1541
46,97,directed,1539
46,97,directed,1540
46,97,directed,1541
22,3,directed,326
31,3,directed,3715
2,3,directed,1217
6,3,directed,1245
11,3,directed,3246
2,3,directed,1229
2,3,directed,1227
103,3,directed,2489
108,3,directed,942
16,3,directed,783
19,3,directed,128
64,3,directed,299
74,3,directed,2312
107,3,directed,730
39,3,directed,1715
39,3,directed,1716
75,3,directed,832
74,3,directed,2168
108,3,directed,992
108,3,directed,1110
108,3,directed,1739
84,3,directed,0
84,3,directed,3
84,3,directed,11
16,3,directed,1991
103,3,directed,1451
16,3,directed,1005
103,3,directed,1450
42,3,directed,1242
103,3,directed,1487
90,3,directed,2727
103,3,directed,3626
11,3,directed,3277
87,3,directed,2395
31,3,directed,3647
78,3,directed,2066
78,3,directed,2397
79,3,directed,3158
103,3,directed,2850
103,3,directed,3533
103,3,directed,3568
58,65,directed,554
58,65,directed,555
58,65,directed,560
79,65,directed,3076
79,65,directed,3087
79,65,directed,3075
106,65,directed,2914
46,65,directed,1645
108,65,directed,3774
26,65,directed,3805
78,65,directed,2139
103,65,directed,1854
61,29,directed,1935
61,19,directed,1941
61,24,directed,1944
61,67,directed,1938
74,98,directed,2636
40,34,directed,2615
74,65,directed,2635
103,56,directed,1801
103,4,directed,1807
103,32,directed,1810
103,1,directed,1814
6,56,directed,1752
6,87,directed,1753
42,90,directed,1688
108,101,directed,1666
6,102,directed,1671
106,23,directed,2930
106,34,directed,2932
106,65,directed,2917
11,12,directed,3521
22,19,directed,324
56,19,directed,2337
10,19,directed,3391
103,19,directed,2467
35,19,directed,965
93,19,directed,2551
56,19,directed,2205
58,19,directed,808
42,19,directed,1091
106,99,directed,2938
106,99,directed,2942
38,99,directed,404
108,8,directed,1522
25,8,directed,2382
25,8,directed,2435
103,8,directed,3534
91,8,directed,2098
103,8,directed,3418
11,8,directed,3457
79,8,directed,3123
53,19,directed,2132
75,8,directed,945
40,8,directed,1850
98,8,directed,594
74,8,directed,2248
78,8,directed,2061
83,8,directed,1190
16,8,directed,1026
16,8,directed,1027
16,97,directed,1028
16,8,directed,1029
16,8,directed,1030
16,88,directed,1035
16,15,directed,1986
16,26,directed,1989
108,15,directed,1181
16,26,directed,694
81,15,directed,371
81,26,directed,395
81,15,directed,474
87,26,directed,2424
19,15,directed,135
56,26,directed,2260
103,15,directed,3242
42,26,directed,931
42,15,directed,971
42,26,directed,543
42,104,directed,653
42,14,directed,682
74,14,directed,2493
74,14,directed,2534
103,48,directed,3200
36,45,directed,486
103,56,directed,2523
108,67,directed,1125
1,78,directed,3343
108,89,directed,3257
108,90,directed,3589
108,12,directed,3603
108,13,directed,3757
108,23,directed,879
108,34,directed,1347
108,45,directed,1667
108,67,directed,1725
108,89,directed,1744
108,90,directed,1848
108,90,directed,1849
108,90,directed,1872
108,90,directed,2001
75,90,directed,581
11,90,directed,3698
73,90,directed,1746
65,90,directed,52
70,90,directed,2890
103,103,directed,2486
11,103,directed,3041
101,103,directed,1024
16,103,directed,1886
16,103,directed,1963
94,103,directed,1923
103,103,directed,1861
103,103,directed,1876
103,103,directed,1877
103,103,directed,1878
103,103,directed,1931
40,103,directed,2506
91,103,directed,2103
91,103,directed,2209
91,103,directed,2308
74,103,directed,2128
74,103,directed,2129
74,103,directed,2218
74,103,directed,2219
74,103,directed,2245
74,103,directed,2441
74,103,directed,2442
74,103,directed,2443
78,103,directed,2117
78,103,directed,2404
78,103,directed,2406
78,103,directed,2414
75,103,directed,900
107,103,directed,801
75,103,directed,860
75,103,directed,895
107,103,directed,761
107,103,directed,776
107,103,directed,777
36,103,directed,886
108,103,directed,722
46,103,directed,1644
16,103,directed,1647
46,103,directed,1642
46,103,directed,1643
106,72,directed,2910
106,72,directed,2967
106,72,directed,2970
106,72,directed,2947
106,72,directed,2950
106,72,directed,2964
1,72,directed,3402
11,72,directed,3320
76,72,directed,3325
11,72,directed,3085
11,72,directed,3276
79,72,directed,3126
79,72,directed,3143
79,72,directed,3145
79,72,directed,3147
79,72,directed,3149
108,72,directed,3008
11,72,directed,3002
16,72,directed,1586
16,72,directed,1586
103,72,directed,1622
38,72,directed,380
16,72,directed,1294
81,72,directed,440
108,72,directed,1319
108,72,directed,3260
108,72,directed,3595
108,72,directed,3763
108,72,directed,3842
91,72,directed,2040
103,72,directed,1365
103,72,directed,1682
103,72,directed,1976
108,72,directed,1007
108,72,directed,1071
103,97,directed,3442
103,97,directed,3307
58,97,directed,556
108,97,directed,1132
108,23,directed,3256
81,23,directed,430
64,23,directed,282
64,23,directed,350
22,23,directed,319
31,23,directed,3688
103,23,directed,2521
103,23,directed,2879
43,23,directed,2596
19,23,directed,143
19,23,directed,144
19,23,directed,335
19,23,directed,339
50,23,directed,118
103,23,directed,1262
11,23,directed,3234
103,23,directed,1851
39,23,directed,1754
106,23,directed,2931
106,23,directed,2933
106,23,directed,2911
106,23,directed,2921
106,23,directed,2929
87,23,directed,2387
108,23,directed,1172
38,23,directed,399
103,23,directed,3434
11,23,directed,3231
11,23,directed,3313
11,23,directed,3321
100,23,directed,3528
108,23,directed,625
11,23,directed,2975
16,23,directed,693
16,23,directed,1304
103,23,directed,2074
103,23,directed,1477
16,23,directed,928
108,2,directed,963
90,2,directed,2725
90,2,directed,2726
108,2,directed,1456
16,2,directed,1895
103,2,directed,2145
16,2,directed,908
16,2,directed,1720
16,2,directed,1721
16,2,directed,1722
81,2,directed,434
90,77,directed,2579
16,77,directed,1173
16,77,directed,1892
81,77,directed,497
75,77,directed,833
87,77,directed,2420
36,77,directed,496
36,77,directed,532
108,77,directed,697
108,77,directed,798
58,77,directed,559
11,77,directed,3291
34,77,directed,355
108,77,directed,1637
108,77,directed,1656
108,77,directed,1658
46,77,directed,1626
16,77,directed,1975
16,77,directed,1685
98,77,directed,1714
103,77,directed,3554
11,77,directed,3411
103,77,directed,3332
16,77,directed,916
103,77,directed,3567
103,77,directed,3569
103,77,directed,3570
107,77,directed,780
107,77,directed,742
107,77,directed,743
107,77,directed,744
107,77,directed,745
107,77,directed,746
107,77,directed,747
107,77,directed,748
107,77,directed,749
107,77,directed,750
107,77,directed,751
107,77,directed,752
107,77,directed,753
107,77,directed,754
107,77,directed,755
107,77,directed,756
107,77,directed,757
107,77,directed,758
107,77,directed,787
107,77,directed,822
31,77,directed,3735
16,77,directed,1782
103,77,directed,3274
56,77,directed,2259
27,77,directed,304
11,77,directed,3294
19,77,directed,337
74,77,directed,2868
16,77,directed,1996
81,77,directed,436
2,77,directed,1226
79,77,directed,3159
103,77,directed,1628
103,77,directed,2998
103,97,directed,1516
108,97,directed,960
108,97,directed,1524
98,97,directed,1638
70,97,directed,2759
70,97,directed,2744
70,97,directed,2745
70,97,directed,2746
70,97,directed,2747
70,97,directed,2748
2,97,directed,1240
64,97,directed,346
108,97,directed,1278
108,97,directed,3301
11,97,directed,3431
87,97,directed,2439
42,97,directed,1660
31,97,directed,3691
31,97,directed,3695
11,97,directed,3042
11,97,directed,3043
11,97,directed,3046
11,97,directed,3047
11,97,directed,3049
11,97,directed,3051
11,97,directed,3053
11,97,directed,3055
11,97,directed,3057
11,97,directed,3058
11,97,directed,3059
40,97,directed,3620
31,97,directed,3724
108,97,directed,892
108,97,directed,2437
11,97,directed,3003
19,97,directed,185
19,97,directed,191
71,97,directed,2993
38,97,directed,415
38,97,directed,425
11,97,directed,3412
90,97,directed,2574
16,97,directed,883
74,97,directed,2633
74,97,directed,2120
74,97,directed,2121
74,97,directed,2122
74,97,directed,2123
64,97,directed,420
64,97,directed,423
11,97,directed,2976
11,97,directed,3432
26,97,directed,3791
111,97,directed,3870
108,97,directed,1323
108,97,directed,1325
108,97,directed,1329
108,97,directed,1332
108,97,directed,1354
31,97,directed,3680
81,97,directed,366
70,97,directed,2808
70,97,directed,2831
75,97,directed,443
90,97,directed,2566
70,97,directed,2733
70,97,directed,2735
70,97,directed,2737
70,97,directed,2740
81,97,directed,361
81,97,directed,873
81,97,directed,1045
75,97,directed,445
75,97,directed,619
64,97,directed,66
64,97,directed,98
64,97,directed,127
64,97,directed,279
64,97,directed,284
64,97,directed,291
64,97,directed,347
64,97,directed,353
74,97,directed,2590
83,97,directed,1185
108,97,directed,3300
36,97,directed,499
75,97,directed,905
75,97,directed,906
109,97,directed,1440
101,97,directed,1379
89,97,directed,1407
103,97,directed,1429
33,97,directed,1194
33,97,directed,1195
33,97,directed,1196
46,97,directed,1561
46,97,directed,1561
103,97,directed,1627
6,97,directed,1543
6,97,directed,1548
6,97,directed,1572
6,97,directed,1573
6,97,directed,1574
6,97,directed,1575
6,97,directed,1579
6,97,directed,1580
6,97,directed,1581
6,97,directed,1543
6,97,directed,1548
6,97,directed,1572
6,97,directed,1573
6,97,directed,1574
6,97,directed,1575
6,97,directed,1579
6,97,directed,1580
6,97,directed,1581
103,97,directed,1447
42,97,directed,529
84,97,directed,8
84,97,directed,12
74,97,directed,2583
74,97,directed,2783
16,97,directed,870
42,97,directed,803
74,97,directed,2502
74,97,directed,2503
74,97,directed,2558
103,97,directed,2859
103,97,directed,3068
108,97,directed,2455
75,97,directed,620
87,97,directed,2293
108,97,directed,2537
108,97,directed,2538
108,97,directed,2939
106,97,directed,2916
16,97,directed,1740
64,97,directed,55
81,97,directed,858
103,97,directed,2060
19,97,directed,145
103,97,directed,2602
74,97,directed,2119
79,97,directed,3118
103,97,directed,2057
31,97,directed,3649
103,97,directed,3787
103,97,directed,1263
108,97,directed,1587
108,97,directed,1587
1,13,directed,3358
79,13,directed,3116
79,13,directed,3120
103,13,directed,1472
103,13,directed,1474
103,13,directed,1480
103,13,directed,1513
108,13,directed,856
108,13,directed,915
108,13,directed,1037
108,13,directed,1038
108,13,directed,1316
108,13,directed,3481
108,13,directed,3541
108,13,directed,3600
108,13,directed,3754
108,13,directed,3765
108,13,directed,3837
16,13,directed,765
16,13,directed,973
16,13,directed,1343
16,13,directed,1719
16,13,directed,1888
107,13,directed,802
58,13,directed,589
56,13,directed,2235
98,13,directed,1727
36,13,directed,837
91,13,directed,1998
91,13,directed,2015
91,13,directed,2049
91,13,directed,2341
74,13,directed,2605
74,13,directed,2607
74,13,directed,2763
74,13,directed,2764
74,13,directed,2766
74,13,directed,2883
31,13,directed,3705
79,13,directed,3091
79,13,directed,3104
79,13,directed,3115
79,13,directed,3151
79,13,directed,3196
79,13,directed,3198
103,13,directed,1286
103,13,directed,1799
103,13,directed,1871
103,13,directed,2055
103,13,directed,2056
103,13,directed,2513
103,13,directed,2514
103,13,directed,2515
103,13,directed,2516
103,13,directed,2520
103,13,directed,2839
103,13,directed,2862
103,13,directed,3010
103,13,directed,3032
103,13,directed,3489
103,13,directed,3544
108,13,directed,623
108,13,directed,624
108,13,directed,646
108,13,directed,647
108,13,directed,649
108,13,directed,650
108,13,directed,654
108,13,directed,661
108,13,directed,720
108,13,directed,733
108,13,directed,768
108,13,directed,772
108,13,directed,778
108,13,directed,805
108,13,directed,806
108,13,directed,843
108,13,directed,844
108,13,directed,851
108,13,directed,852
108,13,directed,853
108,13,directed,855
108,13,directed,866
108,13,directed,867
108,13,directed,877
108,13,directed,887
108,13,directed,889
108,13,directed,914
108,13,directed,925
108,13,directed,946
108,13,directed,962
108,13,directed,966
108,13,directed,968
108,13,directed,1036
108,13,directed,1066
108,13,directed,1069
108,13,directed,1108
108,13,directed,1111
108,13,directed,1120
108,13,directed,1130
108,13,directed,1166
108,13,directed,1167
108,13,directed,1265
108,13,directed,1266
108,13,directed,1267
108,13,directed,1284
108,13,directed,1292
108,13,directed,1298
108,13,directed,1344
108,13,directed,1402
108,13,directed,1454
108,13,directed,1455
108,13,directed,1458
108,13,directed,1459
108,13,directed,1462
108,13,directed,1481
108,13,directed,1484
108,13,directed,1489
108,13,directed,1490
108,13,directed,1492
108,13,directed,1497
108,13,directed,1498
108,13,directed,1500
108,13,directed,1502
108,13,directed,1503
108,13,directed,1504
108,13,directed,1507
108,13,directed,1511
108,13,directed,1512
108,13,directed,1520
108,13,directed,1525
108,13,directed,1532
108,13,directed,1533
108,13,directed,1534
108,13,directed,1550
108,13,directed,1551
108,13,directed,1552
108,13,directed,1553
108,13,directed,1584
108,13,directed,1532
108,13,directed,1533
108,13,directed,1534
108,13,directed,1550
108,13,directed,1551
108,13,directed,1552
108,13,directed,1553
108,13,directed,1584
108,13,directed,1659
108,13,directed,1662
108,13,directed,1664
108,13,directed,1665
108,13,directed,1668
108,13,directed,1669
108,13,directed,1711
108,13,directed,1738
108,13,directed,1763
108,13,directed,1764
108,13,directed,1765
108,13,directed,1766
108,13,directed,1767
108,13,directed,1833
108,13,directed,1841
108,13,directed,1852
108,13,directed,1879
108,13,directed,1880
108,13,directed,1903
108,13,directed,1949
108,13,directed,1950
108,13,directed,2007
108,13,directed,2016
108,13,directed,2464
108,13,directed,2512
108,13,directed,2546
108,13,directed,2806
108,13,directed,3044
108,13,directed,3072
108,13,directed,3229
108,13,directed,3278
108,13,directed,3279
108,13,directed,3280
108,13,directed,3281
108,13,directed,3282
108,13,directed,3283
108,13,directed,3284
108,13,directed,3285
108,13,directed,3286
108,13,directed,3287
108,13,directed,3308
108,13,directed,3309
108,13,directed,3323
108,13,directed,3451
108,13,directed,3452
108,13,directed,3470
108,13,directed,3471
108,13,directed,3472
108,13,directed,3473
108,13,directed,3476
108,13,directed,3477
108,13,directed,3478
108,13,directed,3479
108,13,directed,3485
108,13,directed,3486
108,13,directed,3495
108,13,directed,3511
108,13,directed,3537
108,13,directed,3538
108,13,directed,3539
108,13,directed,3575
108,13,directed,3586
108,13,directed,3587
108,13,directed,3611
108,13,directed,3621
108,13,directed,3622
108,13,directed,3702
108,13,directed,3717
108,13,directed,3718
108,13,directed,3747
108,13,directed,3748
108,13,directed,3749
108,13,directed,3750
108,13,directed,3751
108,13,directed,3752
108,13,directed,3753
108,13,directed,3779
108,13,directed,3786
108,13,directed,3806
108,13,directed,3807
108,13,directed,3830
108,13,directed,3831
108,13,directed,3836
64,13,directed,507
22,13,directed,321
2,13,directed,1233
64,13,directed,515
108,13,directed,3263
103,13,directed,2861
108,13,directed,1041
108,13,directed,1067
108,13,directed,1290
16,13,directed,705
16,13,directed,977
16,13,directed,978
16,13,directed,979
16,13,directed,1293
16,13,directed,1357
16,13,directed,1359
16,13,directed,1363
16,13,directed,1364
103,13,directed,3625
90,13,directed,2580
42,13,directed,1566
42,13,directed,1566
103,13,directed,1835
103,13,directed,2149
108,13,directed,1164
108,13,directed,3844
11,13,directed,3616
16,13,directed,1341
40,13,directed,2797
75,13,directed,950
42,13,directed,1564
42,13,directed,1565
42,13,directed,1564
42,13,directed,1565
91,13,directed,2024
91,13,directed,2111
91,13,directed,2152
91,13,directed,2352
74,13,directed,2247
74,13,directed,2500
6,13,directed,1812
6,13,directed,1837
87,13,directed,2384
108,13,directed,2423
64,29,directed,373
26,29,directed,3793
26,29,directed,3796
26,29,directed,3818
26,29,directed,3847
26,29,directed,3865
33,29,directed,1187
111,29,directed,3867
58,29,directed,710
91,29,directed,2033
91,29,directed,2036
103,29,directed,1865
11,29,directed,3083
27,13,directed,302
53,13,directed,2207
53,13,directed,2327
103,13,directed,1937
108,13,directed,3519
108,13,directed,3532
64,13,directed,510
108,13,directed,1383
75,13,directed,841
78,13,directed,2058
78,13,directed,2083
56,13,directed,2183
70,13,directed,2904
38,13,directed,391
73,13,directed,1771
103,13,directed,2482
103,13,directed,2846
87,13,directed,2302
74,13,directed,2819
11,13,directed,3437
11,13,directed,3314
11,13,directed,2898
27,13,directed,288
103,13,directed,3241
108,13,directed,1345
16,13,directed,1788
20,13,directed,2619
20,13,directed,2620
16,13,directed,1890
42,13,directed,1491
106,13,directed,2915
103,13,directed,2463
11,13,directed,3545
42,13,directed,1068
42,13,directed,1093
42,13,directed,1109
42,13,directed,1535
42,13,directed,1536
42,13,directed,1535
42,13,directed,1536
31,13,directed,3677
87,13,directed,2303
87,13,directed,2304
87,13,directed,2309
87,13,directed,2393
87,13,directed,2413
27,13,directed,314
93,13,directed,1970
90,13,directed,2622
20,13,directed,2618
70,13,directed,2872
58,13,directed,605
58,13,directed,817
91,13,directed,2039
75,13,directed,530
103,13,directed,2080
11,13,directed,3334
108,13,directed,970
75,13,directed,907
56,13,directed,2429
20,13,directed,2631
16,13,directed,1917
16,13,directed,1731
108,13,directed,1145
74,13,directed,2826
103,13,directed,2480
108,13,directed,2453
108,13,directed,2522
108,13,directed,3239
108,13,directed,2989
108,13,directed,3261
108,13,directed,3484
108,13,directed,788
108,13,directed,943
108,13,directed,1523
103,97,directed,3671
16,97,directed,1977
20,97,directed,2720
78,97,directed,2254
78,97,directed,2277
58,97,directed,633
58,97,directed,638
58,97,directed,641
58,97,directed,643
103,97,directed,2448
47,97,directed,1011
108,97,directed,845
108,97,directed,1127
79,97,directed,3228
81,97,directed,470
81,97,directed,472
81,97,directed,834
73,97,directed,1770
103,97,directed,1868
103,97,directed,3215
103,97,directed,3447
50,97,directed,63
19,97,directed,344
40,97,directed,2869
84,97,directed,13
50,97,directed,117
102,97,directed,1418
42,97,directed,1446
31,97,directed,3728
103,97,directed,3067
31,97,directed,3645
31,97,directed,3663
31,97,directed,3732
78,97,directed,2093
103,97,directed,3490
103,97,directed,3641
19,97,directed,130
19,97,directed,133
40,97,directed,2505
74,97,directed,2805
31,97,directed,3692
31,97,directed,3696
31,97,directed,3721
103,97,directed,3535
31,97,directed,3650
31,97,directed,3737
19,9,directed,139
19,9,directed,154
19,9,directed,241
19,9,directed,243
19,9,directed,249
19,9,directed,253
19,9,directed,257
19,9,directed,260
19,9,directed,263
19,9,directed,269
19,9,directed,275
6,9,directed,1465
103,9,directed,2888
108,9,directed,1508
108,9,directed,1509
38,9,directed,376
108,9,directed,1403
79,9,directed,3097
89,9,directed,1411
64,9,directed,512
10,9,directed,3381
103,9,directed,3421
103,9,directed,3424
103,9,directed,3425
103,9,directed,3426
103,9,directed,3427
108,9,directed,1337
42,9,directed,958
16,9,directed,704
42,9,directed,535
42,9,directed,566
107,9,directed,728
107,9,directed,775
36,9,directed,521
103,9,directed,1453
70,9,directed,2810
70,9,directed,2814
71,9,directed,3217
71,9,directed,2992
71,9,directed,3202
75,9,directed,842
71,9,directed,3109
103,9,directed,1823
103,9,directed,2146
42,97,directed,1090
103,97,directed,2225
42,97,directed,909
70,97,directed,2641
108,97,directed,1673
108,97,directed,3504
31,97,directed,3681
108,97,directed,969
81,97,directed,549
75,97,directed,453
2,97,directed,1198
75,97,directed,984
42,97,directed,1089
87,97,directed,2438
61,97,directed,1936
61,97,directed,1940
106,97,directed,2913
39,97,directed,1701
31,97,directed,3733
79,97,directed,3222
103,97,directed,1247
103,97,directed,1248
103,97,directed,1250
103,97,directed,1254
103,97,directed,1256
103,97,directed,1258
103,97,directed,1351
103,97,directed,1416
103,97,directed,2483
103,97,directed,2848
103,97,directed,2852
103,97,directed,3029
103,97,directed,3101
108,97,directed,3592
108,97,directed,3604
108,97,directed,3606
108,97,directed,3758
108,97,directed,3839
16,97,directed,1182
16,97,directed,1302
16,97,directed,1303
16,97,directed,1342
16,97,directed,1756
16,97,directed,1887
81,97,directed,367
81,97,directed,998
75,97,directed,462
75,97,directed,468
75,97,directed,471
75,97,directed,480
75,97,directed,493
75,97,directed,500
75,97,directed,501
75,97,directed,502
75,97,directed,503
75,97,directed,504
75,97,directed,519
75,97,directed,577
75,97,directed,578
75,97,directed,595
75,97,directed,621
75,97,directed,830
75,97,directed,859
75,97,directed,865
75,97,directed,903
75,97,directed,904
75,97,directed,954
75,97,directed,982
75,97,directed,1016
75,97,directed,1114
75,97,directed,1115
75,97,directed,1116
75,97,directed,1117
75,97,directed,1136
75,97,directed,1137
75,97,directed,1138
75,97,directed,1139
22,97,directed,294
22,97,directed,295
22,97,directed,296
22,97,directed,297
22,97,directed,298
22,97,directed,318
22,97,directed,328
42,97,directed,838
107,97,directed,784
58,97,directed,622
56,97,directed,2240
56,97,directed,2347
56,97,directed,2351
61,97,directed,1932
61,97,directed,1934
36,97,directed,517
36,97,directed,518
36,97,directed,564
36,97,directed,584
36,97,directed,734
74,97,directed,2127
74,97,directed,2135
74,97,directed,2798
74,97,directed,2799
74,97,directed,2800
74,97,directed,2885
106,97,directed,2940
73,97,directed,1775
39,97,directed,1846
8,97,directed,1280
8,97,directed,1283
26,97,directed,3860
77,97,directed,1191
78,97,directed,2067
78,97,directed,2089
78,97,directed,2234
78,97,directed,2276
78,97,directed,2320
79,97,directed,3092
79,97,directed,3093
79,97,directed,3094
79,97,directed,3102
79,97,directed,3110
79,97,directed,3112
79,97,directed,3113
79,97,directed,3114
79,97,directed,3178
79,97,directed,3191
79,97,directed,3192
79,97,directed,3219
79,97,directed,3220
79,97,directed,3221
103,97,directed,1251
103,97,directed,1361
103,97,directed,1693
103,97,directed,1706
103,97,directed,1824
103,97,directed,1855
103,97,directed,1882
103,97,directed,2481
103,97,directed,2844
103,97,directed,2845
103,97,directed,3466
103,97,directed,3686
103,97,directed,3780
103,97,directed,3782
108,97,directed,854
108,97,directed,1170
108,97,directed,1889
108,97,directed,2524
108,97,directed,2526
43,97,directed,2543
19,97,directed,216
19,97,directed,330
6,97,directed,835
6,97,directed,1544
6,97,directed,1544
50,97,directed,90
50,97,directed,96
50,97,directed,97
50,97,directed,112
50,97,directed,113
50,97,directed,114
50,97,directed,116
50,97,directed,122
74,25,directed,2196
108,25,directed,875
74,25,directed,2784
74,25,directed,2195
16,25,directed,989
98,25,directed,593
19,25,directed,336
98,25,directed,488
74,25,directed,2273
103,25,directed,3013
98,25,directed,847
98,25,directed,487
98,25,directed,585
103,25,directed,2548
36,25,directed,538
16,25,directed,1589
87,25,directed,2282
87,25,directed,2284
1,25,directed,3369
1,25,directed,3400
75,25,directed,898
103,25,directed,2457
64,25,directed,422
40,25,directed,3163
103,25,directed,2876
90,25,directed,2570
25,25,directed,2402
25,25,directed,2407
25,25,directed,2411
25,25,directed,2363
11,25,directed,3322
11,25,directed,3000
11,25,directed,3039
16,25,directed,874
16,25,directed,995
108,25,directed,846
16,25,directed,1916
108,25,directed,2508
11,25,directed,3409
11,25,directed,3500
11,25,directed,3637
11,25,directed,2892
75,25,directed,894
31,25,directed,3683
103,25,directed,1857
103,25,directed,2023
103,25,directed,2559
11,25,directed,3453
11,25,directed,3628
81,25,directed,394
64,25,directed,397
87,25,directed,2391
31,25,directed,3710
103,25,directed,2470
64,25,directed,419
75,25,directed,492
56,25,directed,2223
56,25,directed,2186
56,25,directed,2188
75,25,directed,459
38,25,directed,441
31,25,directed,3709
31,25,directed,3713
103,3,directed,3100
87,3,directed,2426
103,3,directed,3785
16,3,directed,1885
70,3,directed,2761
108,3,directed,1135
46,3,directed,1641
109,3,directed,1377
11,3,directed,3235
75,3,directed,896
100,3,directed,3522
11,3,directed,3299
103,3,directed,3422
70,3,directed,2809
70,3,directed,2811
70,3,directed,2815
16,3,directed,1336
108,3,directed,3006
22,3,directed,323
103,3,directed,3445
108,3,directed,3845
11,3,directed,3295
11,3,directed,3458
11,3,directed,2899
16,3,directed,901
53,108,directed,2353
53,108,directed,2369
90,108,directed,2567
16,108,directed,1789
16,108,directed,1790
16,108,directed,1797
16,108,directed,1798
16,108,directed,1952
16,108,directed,1967
16,108,directed,1972
1,108,directed,3404
108,108,directed,2365
40,108,directed,2589
56,108,directed,2323
56,108,directed,2342
20,108,directed,2650
20,108,directed,2654
20,108,directed,2657
20,108,directed,2662
20,108,directed,2667
20,108,directed,2670
20,108,directed,2674
20,108,directed,2677
20,108,directed,2681
20,108,directed,2685
20,108,directed,2689
20,108,directed,2694
20,108,directed,2697
20,108,directed,2702
20,108,directed,2704
20,108,directed,2706
20,108,directed,2711
20,108,directed,2713
20,108,directed,2717
1,108,directed,3345
16,108,directed,1896
75,108,directed,444
79,108,directed,3226
16,108,directed,1783
16,108,directed,1755
81,108,directed,406
79,108,directed,3106
50,108,directed,91
87,13,directed,2445
42,13,directed,1768
87,13,directed,2386
25,13,directed,2430
103,13,directed,3463
103,13,directed,3464
55,13,directed,3386
16,13,directed,711
16,13,directed,712
81,13,directed,465
103,13,directed,3571
58,13,directed,572
103,13,directed,3027
71,13,directed,2994
71,13,directed,2995
110,13,directed,1953
103,13,directed,3670
108,13,directed,1105
108,13,directed,1310
70,13,directed,2772
81,13,directed,574
58,13,directed,591
91,13,directed,2051
6,13,directed,1244
6,13,directed,1246
6,13,directed,1434
6,13,directed,1435
79,13,directed,3171
11,13,directed,3078
89,13,directed,1384
2,13,directed,1204
89,13,directed,1385
89,13,directed,1394
2,13,directed,1228
16,97,directed,1741
11,97,directed,3289
108,97,directed,3549
77,97,directed,1188
108,97,directed,849
108,97,directed,850
108,97,directed,918
108,97,directed,1334
108,97,directed,1339
108,97,directed,3487
108,97,directed,3597
108,97,directed,3609
108,97,directed,3764
108,97,directed,3767
36,97,directed,533
91,97,directed,2003
91,97,directed,2004
91,97,directed,2037
91,97,directed,2044
91,97,directed,2113
74,97,directed,2634
108,97,directed,3026
101,9,directed,3099
42,9,directed,861
89,9,directed,1408
89,9,directed,1412
89,9,directed,1414
42,9,directed,1652
91,9,directed,2165
91,9,directed,2360
75,9,directed,957
42,9,directed,941
58,9,directed,795
90,9,directed,2588
74,9,directed,2107
103,9,directed,1556
103,9,directed,1556
103,9,directed,1252
103,9,directed,1555
103,9,directed,1555
91,9,directed,2018
91,9,directed,2109
91,9,directed,2131
74,9,directed,2137
78,9,directed,2096
103,9,directed,2077
103,9,directed,3443
90,9,directed,2623
71,9,directed,3209
71,9,directed,3216
78,9,directed,2388
71,9,directed,3211
74,9,directed,2779
74,9,directed,2823
89,9,directed,1399
19,9,directed,215
103,9,directed,1802
103,9,directed,1803
103,9,directed,3510
11,9,directed,3275
11,9,directed,3312
11,9,directed,3406
11,9,directed,3638
111,9,directed,3848
111,9,directed,3849
16,9,directed,1899
16,9,directed,1900
16,9,directed,1902
84,9,directed,1
84,9,directed,4
106,9,directed,2986
74,9,directed,2637
103,9,directed,1452
79,9,directed,3148
79,9,directed,3150
79,9,directed,3144
79,9,directed,3146
103,9,directed,2474
103,9,directed,2478
108,9,directed,3254
108,9,directed,3590
108,9,directed,3602
108,9,directed,3755
108,9,directed,3838
16,9,directed,1684
91,9,directed,2013
91,9,directed,2100
103,9,directed,1374
103,9,directed,2473
108,9,directed,1305
108,9,directed,1646
108,9,directed,1951
108,9,directed,2436
108,9,directed,3821
81,25,directed,475
19,25,directed,234
19,25,directed,236
19,25,directed,238
19,25,directed,245
19,25,directed,277
11,25,directed,3004
16,25,directed,868
16,25,directed,871
56,25,directed,2160
56,25,directed,2162
16,25,directed,917
16,25,directed,994
90,25,directed,2750
78,25,directed,2239
78,25,directed,2257
78,25,directed,2335
103,25,directed,2222
42,25,directed,1531
42,25,directed,1531
58,25,directed,600
74,25,directed,2865
36,25,directed,491
16,25,directed,972
11,25,directed,3700
2,25,directed,1230
19,25,directed,212
74,25,directed,2786
74,25,directed,2787
74,25,directed,2788
74,25,directed,2789
42,25,directed,840
71,25,directed,3012
108,25,directed,1147
103,25,directed,1815
11,25,directed,3037
11,25,directed,3038
103,3,directed,3536
103,3,directed,2151
94,3,directed,1927
19,3,directed,136
38,3,directed,407
50,3,directed,36
50,3,directed,39
50,3,directed,42
50,3,directed,45
50,3,directed,48
19,3,directed,150
19,3,directed,151
81,3,directed,362
50,3,directed,29
56,3,directed,2226
74,3,directed,2770
107,3,directed,763
2,3,directed,1201
11,3,directed,3061
16,3,directed,1689
36,3,directed,539
103,3,directed,3542
42,3,directed,1144
16,3,directed,980
103,3,directed,1300
108,3,directed,2504
103,3,directed,2987
19,3,directed,242
19,3,directed,244
19,3,directed,250
19,3,directed,254
19,3,directed,258
19,3,directed,259
19,3,directed,264
19,3,directed,270
19,3,directed,276
108,108,directed,3238
98,108,directed,1743
39,108,directed,1704
65,108,directed,72
87,108,directed,2297
40,108,directed,3273
40,108,directed,3433
81,108,directed,473
75,108,directed,482
42,108,directed,536
6,108,directed,934
6,108,directed,935
6,108,directed,936
6,108,directed,1349
6,108,directed,1466
6,108,directed,1468
6,108,directed,1577
6,108,directed,1577
75,108,directed,582
42,108,directed,583
42,108,directed,1208
101,108,directed,1023
78,108,directed,2313
78,108,directed,2314
78,108,directed,2315
78,108,directed,2316
78,108,directed,2317
78,108,directed,2318
40,108,directed,3153
108,13,directed,1043
108,13,directed,1735
90,13,directed,2626
38,13,directed,400
31,13,directed,3674
31,13,directed,3720
104,13,directed,3736
11,13,directed,3613
50,13,directed,119
11,13,directed,3060
103,13,directed,2843
103,13,directed,1515
6,13,directed,933
6,13,directed,1436
6,13,directed,1437
91,13,directed,1997
70,13,directed,2644
74,13,directed,2585
31,13,directed,3651
78,13,directed,2086
16,105,directed,869
16,105,directed,872
16,105,directed,878
16,105,directed,1296
16,105,directed,1686
16,105,directed,1687
16,105,directed,709
74,110,directed,2157
73,110,directed,1785
103,110,directed,2863
103,110,directed,2875
103,110,directed,2887
74,110,directed,2864
50,110,directed,37
50,110,directed,40
50,110,directed,43
50,110,directed,46
50,110,directed,49
65,110,directed,65
50,110,directed,19
11,110,directed,3187
74,110,directed,2804
74,110,directed,2807
103,110,directed,2853
43,110,directed,2594
42,12,directed,1128
103,12,directed,1261
16,12,directed,1993
16,12,directed,1995
103,12,directed,1822
64,12,directed,283
79,12,directed,3089
103,12,directed,3415
103,12,directed,3577
79,12,directed,3088
91,12,directed,2014
108,12,directed,2793
108,12,directed,2794
108,12,directed,2795
103,12,directed,1422
20,97,directed,2649
20,97,directed,2655
20,97,directed,2658
20,97,directed,2663
20,97,directed,2666
20,97,directed,2671
20,97,directed,2673
20,97,directed,2678
20,97,directed,2682
20,97,directed,2686
20,97,directed,2690
20,97,directed,2693
20,97,directed,2698
20,97,directed,2701
20,97,directed,2705
20,97,directed,2707
20,97,directed,2710
20,97,directed,2714
20,97,directed,2716
20,97,directed,2718
20,97,directed,2719
1,97,directed,3346
1,3,directed,3340
1,3,directed,3399
11,3,directed,3336
74,3,directed,2824
74,3,directed,2822
108,3,directed,1505
108,3,directed,684
50,3,directed,68
103,3,directed,3419
87,3,directed,2421
40,3,directed,2008
103,3,directed,1842
16,3,directed,884
16,3,directed,1968
1,3,directed,3352
1,3,directed,3355
1,3,directed,3357
1,3,directed,3359
1,3,directed,3364
1,3,directed,3366
42,3,directed,1287
42,3,directed,1288
64,3,directed,59
16,3,directed,1034
31,3,directed,3708
31,3,directed,3712
31,3,directed,3704
31,3,directed,3714
64,3,directed,292
22,3,directed,322
6,3,directed,1180
40,3,directed,3164
47,3,directed,1019
108,3,directed,683
93,3,directed,1990
108,3,directed,1328
108,3,directed,3766
81,3,directed,876
81,3,directed,1048
74,3,directed,2511
103,3,directed,1915
103,3,directed,2053
103,3,directed,2078
103,3,directed,2286
103,3,directed,2613
103,3,directed,3449
103,3,directed,3450
108,3,directed,3302
19,3,directed,218
26,3,directed,3803
103,3,directed,2550
103,3,directed,2996
73,3,directed,1776
73,3,directed,1777
53,3,directed,2328
79,97,directed,3166
16,97,directed,690
16,97,directed,1174
16,97,directed,1918
103,97,directed,2224
50,97,directed,95
16,97,directed,910
16,97,directed,911
16,97,directed,1894
103,97,directed,3069
91,97,directed,2099
91,97,directed,2172
74,97,directed,2499
74,97,directed,2562
31,97,directed,3656
103,97,directed,3623
108,97,directed,1559
108,97,directed,1559
16,97,directed,1893
74,97,directed,2153
103,97,directed,2073
64,97,directed,286
78,97,directed,2238
78,97,directed,2268
78,97,directed,2333
103,97,directed,2221
91,97,directed,2116
103,5,directed,2614
1,5,directed,3401
103,5,directed,1415
40,5,directed,3204
74,5,directed,2882
39,5,directed,1758
39,5,directed,1760
39,5,directed,1762
39,5,directed,1793
31,5,directed,3648
103,5,directed,3439
103,5,directed,3444
108,5,directed,2536
74,5,directed,2762
74,5,directed,2767
108,5,directed,1583
108,5,directed,1583
75,5,directed,463
75,5,directed,483
75,5,directed,484
75,5,directed,831
75,5,directed,944
108,5,directed,3599
108,5,directed,1126
16,5,directed,1683
2,5,directed,1197
2,5,directed,1200
103,5,directed,1558
103,5,directed,1558
42,5,directed,827
108,5,directed,797
64,5,directed,514
16,5,directed,1726
16,5,directed,1924
16,5,directed,1925
16,5,directed,920
79,5,directed,3175
75,5,directed,1142
103,5,directed,3155
103,5,directed,3157
16,5,directed,923
81,5,directed,359
8,5,directed,1277
103,5,directed,3154
103,5,directed,3156
103,5,directed,3808
108,5,directed,696
16,18,directed,1690
16,18,directed,1698
16,18,directed,1699
16,18,directed,1700
42,18,directed,1006
2,18,directed,1202
6,18,directed,1808
102,18,directed,1376
90,18,directed,2568
70,18,directed,2873
40,18,directed,1912
103,18,directed,1863
103,18,directed,1914
94,18,directed,1926
103,18,directed,1599
103,18,directed,1624
103,18,directed,1800
103,18,directed,1825
103,18,directed,1828
103,18,directed,1830
16,18,directed,1994
108,18,directed,726
103,18,directed,3446
50,18,directed,108
70,18,directed,2756
74,18,directed,2738
20,18,directed,2638
20,18,directed,2646
20,18,directed,2647
11,18,directed,3699
40,18,directed,2855
6,18,directed,1542
6,18,directed,1569
6,18,directed,1570
6,18,directed,1542
6,18,directed,1569
6,18,directed,1570
91,18,directed,2010
26,18,directed,3813
31,18,directed,3646
31,18,directed,3654
11,18,directed,3182
11,18,directed,3612
20,18,directed,2648
20,18,directed,2653
20,18,directed,2659
20,18,directed,2661
20,18,directed,2665
20,18,directed,2669
20,18,directed,2672
20,18,directed,2676
20,18,directed,2680
20,18,directed,2684
20,18,directed,2688
20,18,directed,2692
20,18,directed,2696
20,18,directed,2700
20,18,directed,2703
20,18,directed,2708
20,18,directed,2709
20,18,directed,2712
20,18,directed,2715
38,18,directed,411
38,18,directed,413
27,18,directed,308
27,18,directed,310
27,18,directed,312
44,10,directed,3864
55,10,directed,3380
78,10,directed,2322
78,10,directed,2389
103,10,directed,3644
42,10,directed,525
27,10,directed,307
27,10,directed,309
27,10,directed,311
81,10,directed,490
81,10,directed,494
70,10,directed,2870
71,10,directed,3131
11,10,directed,3614
11,10,directed,3615
111,10,directed,3869
58,10,directed,540
50,10,directed,24
56,10,directed,2210
56,10,directed,2355
58,10,directed,793
89,10,directed,1390
58,10,directed,645
87,10,directed,2385
70,10,directed,2755
20,10,directed,2617
71,10,directed,3064
38,10,directed,476
42,10,directed,824
93,10,directed,1974
42,10,directed,576
64,10,directed,293
42,10,directed,1031
42,10,directed,1032
42,10,directed,1033
50,10,directed,22
70,10,directed,2757
53,3,directed,2371
46,3,directed,1578
46,3,directed,1578
103,3,directed,1432
103,3,directed,2458
103,3,directed,3856
11,3,directed,3697
75,3,directed,897
75,3,directed,953
75,3,directed,985
31,3,directed,3665
103,3,directed,1712
103,3,directed,1713
103,3,directed,2507
78,23,directed,2405
75,23,directed,457
103,23,directed,2477
74,23,directed,2251
103,23,directed,2082
65,23,directed,75
16,23,directed,1985
16,23,directed,1988
108,23,directed,3468
79,23,directed,3096
87,23,directed,2301
81,23,directed,602
65,23,directed,64
64,23,directed,508
78,23,directed,2062
79,23,directed,3095
103,23,directed,1838
103,23,directed,1840
103,23,directed,1843
43,23,directed,2592
78,23,directed,2063
16,23,directed,1718
40,23,directed,3460
58,23,directed,542
58,23,directed,590
103,23,directed,3063
75,23,directed,1118
83,23,directed,1189
108,23,directed,1151
108,23,directed,1152
108,23,directed,1155
108,23,directed,1158
108,23,directed,1162
108,23,directed,3255
108,23,directed,3540
108,23,directed,3591
108,23,directed,3601
108,23,directed,3756
108,23,directed,1143
108,23,directed,1268
108,23,directed,1691
74,23,directed,2584
103,23,directed,1881
108,23,directed,1175
108,23,directed,3306
64,23,directed,126
19,23,directed,137
103,23,directed,2281
101,23,directed,1087
79,23,directed,3194
11,23,directed,3318
19,23,directed,134
25,23,directed,2401
106,23,directed,2928
11,23,directed,3666
50,23,directed,38
50,23,directed,41
50,23,directed,44
50,23,directed,47
108,23,directed,3596
108,23,directed,3760
108,23,directed,961
108,23,directed,1847
108,23,directed,3430
91,23,directed,2041
2,23,directed,1222
77,23,directed,1186
103,23,directed,1428
108,23,directed,1506
16,23,directed,1380
56,23,directed,2346
74,23,directed,2494
103,23,directed,1621
103,23,directed,1694
103,23,directed,1695
108,23,directed,1122
108,103,directed,3461
108,103,directed,3474
108,103,directed,3475
108,103,directed,3491
108,103,directed,3492
108,103,directed,3494
108,103,directed,3513
108,103,directed,3514
108,103,directed,3515
108,103,directed,3516
108,103,directed,3517
108,103,directed,3518
108,103,directed,3579
108,103,directed,3580
108,103,directed,3581
108,103,directed,3582
108,103,directed,3583
108,103,directed,3658
108,103,directed,3826
108,103,directed,3827
108,103,directed,3828
108,103,directed,3832
108,103,directed,3833
108,103,directed,3834
108,103,directed,3835
26,79,directed,3792
26,79,directed,3798
26,79,directed,3799
26,79,directed,3800
26,79,directed,3801
90,103,directed,2722
90,103,directed,2728
39,103,directed,1806
78,103,directed,2244
78,103,directed,2256
78,103,directed,2334
103,103,directed,1259
103,103,directed,1264
103,103,directed,1269
103,103,directed,1301
103,103,directed,1449
103,103,directed,1464
103,103,directed,1467
103,103,directed,1476
103,103,directed,1478
103,103,directed,1488
103,103,directed,1518
103,103,directed,1519
103,103,directed,1562
103,103,directed,1562
103,103,directed,1594
103,103,directed,1596
103,103,directed,1597
103,103,directed,1623
103,103,directed,1635
103,103,directed,1679
103,103,directed,1681
103,103,directed,1708
103,103,directed,1709
103,103,directed,1710
103,103,directed,1723
103,103,directed,1804
103,103,directed,1805
103,103,directed,1811
103,103,directed,1820
103,103,directed,1858
103,103,directed,1859
103,103,directed,1867
103,103,directed,1904
103,103,directed,1906
103,103,directed,1907
103,103,directed,1981
103,103,directed,2017
103,103,directed,2020
103,103,directed,2021
103,103,directed,2070
103,103,directed,2097
103,103,directed,2102
103,103,directed,2125
103,103,directed,2232
103,103,directed,2460
103,103,directed,2461
103,103,directed,2468
103,103,directed,2476
103,103,directed,2488
103,103,directed,2560
103,103,directed,2721
103,103,directed,2724
103,103,directed,2840
103,103,directed,2841
103,103,directed,2842
103,103,directed,2849
103,103,directed,2877
103,103,directed,2918
103,103,directed,2919
103,103,directed,2920
103,103,directed,2997
103,103,directed,3017
103,103,directed,3071
103,103,directed,3195
103,103,directed,3197
103,103,directed,3303
103,103,directed,3304
103,103,directed,3305
103,103,directed,3319
103,103,directed,3328
103,103,directed,3330
103,103,directed,3331
103,103,directed,3414
103,103,directed,3423
103,103,directed,3448
103,103,directed,3462
103,103,directed,3531
103,103,directed,3553
103,103,directed,3566
103,103,directed,3572
103,103,directed,3573
103,103,directed,3574
103,103,directed,3643
103,103,directed,3653
103,103,directed,3776
103,103,directed,3783
103,103,directed,3802
6,103,directed,1471
70,103,directed,2723
70,103,directed,2774
70,103,directed,2775
87,103,directed,2307
91,103,directed,2019
74,103,directed,2126
74,103,directed,2136
74,103,directed,2866
26,103,directed,3797
78,103,directed,2065
78,103,directed,2068
78,103,directed,2088
78,103,directed,2094
78,103,directed,2095
78,103,directed,2105
78,103,directed,2236
78,103,directed,2242
78,103,directed,2243
6,103,directed,1215
6,103,directed,1469
6,103,directed,1470
6,103,directed,1836
11,103,directed,3317
108,78,directed,791
108,78,directed,1178
108,78,directed,1179
108,78,directed,1373
108,78,directed,1554
108,78,directed,1554
108,78,directed,3505
16,78,directed,862
36,78,directed,469
74,78,directed,2582
103,78,directed,2935
31,6,directed,3716
108,6,directed,1104
75,43,directed,522
107,43,directed,680
107,43,directed,739
107,43,directed,740
107,43,directed,818
42,43,directed,991
38,11,directed,379
11,11,directed,3079
11,11,directed,3338
11,11,directed,3547
11,11,directed,3727
106,11,directed,2968
31,11,directed,3703
26,11,directed,3851
108,11,directed,3436
108,11,directed,1171
108,11,directed,3244
70,50,directed,2832
38,50,directed,478
106,50,directed,2945
73,50,directed,1772
109,50,directed,1419
109,50,directed,1442
103,50,directed,1260
103,50,directed,1563
103,50,directed,1563
103,50,directed,1813
103,50,directed,2104
103,50,directed,2858
103,50,directed,2860
31,50,directed,3719
103,50,directed,1809
11,19,directed,3405
6,19,directed,932
103,19,directed,2144
53,19,directed,2130
58,19,directed,632
58,19,directed,637
58,19,directed,642
58,19,directed,644
106,19,directed,2979
58,19,directed,561
19,6,directed,140
19,6,directed,152
19,6,directed,155
19,6,directed,161
19,6,directed,168
19,6,directed,173
19,6,directed,178
19,6,directed,183
19,6,directed,190
19,6,directed,200
19,6,directed,205
19,6,directed,210
19,1,directed,219
19,1,directed,220
19,1,directed,221
19,1,directed,222
19,1,directed,223
19,1,directed,224
19,1,directed,225
19,1,directed,226
19,1,directed,228
19,1,directed,232
19,1,directed,233
19,1,directed,235
19,1,directed,237
19,1,directed,239
19,1,directed,246
19,1,directed,266
19,1,directed,272
19,1,directed,278
19,1,directed,227
70,97,directed,2889
94,97,directed,1930
42,97,directed,598
90,97,directed,2624
74,97,directed,2194
74,97,directed,2202
70,97,directed,2943
70,97,directed,2985
107,97,directed,759
107,97,directed,760
16,97,directed,1309
16,97,directed,1964
16,97,directed,1965
16,97,directed,1966
43,97,directed,2541
103,97,directed,1517
103,97,directed,1598
103,97,directed,1703
103,97,directed,1869
103,97,directed,1983
103,97,directed,2081
79,97,directed,3168
79,97,directed,3086
108,97,directed,3578
56,97,directed,2362
22,97,directed,325
6,111,directed,1493
6,111,directed,1494
6,111,directed,1495
6,111,directed,1496
6,111,directed,1576
6,111,directed,1576
6,111,directed,1818
6,111,directed,1819
11,111,directed,2900
111,111,directed,3868
111,111,directed,3871
91,111,directed,2343
74,111,directed,2275
78,111,directed,2134
78,111,directed,2140
78,111,directed,2141
78,111,directed,2142
11,111,directed,3237
43,111,directed,2544
43,111,directed,2545
43,111,directed,2600
43,111,directed,2601
64,111,directed,1100
74,111,directed,2324
58,111,directed,792
38,111,directed,839
103,111,directed,3028
103,111,directed,3030
103,111,directed,1933
103,111,directed,2529
103,111,directed,2531
58,111,directed,557
16,111,directed,1920
106,111,directed,2960
75,111,directed,455
108,111,directed,1103
108,111,directed,1165
16,111,directed,707
103,111,directed,1832
103,111,directed,1982
44,111,directed,3863
44,111,directed,3862
11,111,directed,3245
11,111,directed,3296
11,111,directed,3496
6,111,directed,1214
50,111,directed,16
50,111,directed,100
108,111,directed,1734
108,111,directed,3488
108,111,directed,1527
11,111,directed,3045
11,111,directed,3050
11,111,directed,3052
11,111,directed,3054
11,111,directed,3056
11,111,directed,3269
55,111,directed,3383
90,111,directed,2569
50,111,directed,93
91,111,directed,2011
91,111,directed,2208
27,111,directed,306
10,111,directed,3387
10,111,directed,3378
64,111,directed,427
11,111,directed,3230
89,111,directed,1382
16,111,directed,1675
